{
  "extended_metrics": {
    "Standard NN": {
      "train": {
        "rmse": 0.6272576884089525,
        "mae": 0.4799765994714111,
        "r2": 0.90222737242295,
        "mape": 14.63110869293348,
        "accuracy_\u00b10.25": 33.51309707241911,
        "accuracy_\u00b10.5": 62.76964560862866,
        "accuracy_\u00b11.0": 89.21417565485362,
        "explained_variance": 0.9025129174973595,
        "max_error": 2.982225715637207
      },
      "val": {
        "rmse": 0.6349421118967072,
        "mae": 0.47391881250691614,
        "r2": 0.7917218288572272,
        "mape": 19.825331520763644,
        "accuracy_\u00b10.25": 34.56221198156682,
        "accuracy_\u00b10.5": 62.606978275181035,
        "accuracy_\u00b11.0": 90.65174456879525,
        "explained_variance": 0.798518385718218,
        "max_error": 3.330064785003662
      },
      "test": {
        "rmse": 0.9998330843052243,
        "mae": 0.7708347904523213,
        "r2": 0.3556026339156154,
        "mape": 39.51397492710349,
        "accuracy_\u00b10.25": 18.663594470046082,
        "accuracy_\u00b10.5": 39.093701996927805,
        "accuracy_\u00b11.0": 75.34562211981567,
        "explained_variance": 0.543597760914402,
        "max_error": 4.703029125213623
      }
    },
    "RNN": {
      "train": {
        "rmse": 0.8245014063919373,
        "mae": 0.6479297866746628,
        "r2": 0.8257235879330131,
        "mape": 19.825656406690527,
        "accuracy_\u00b10.25": 25.981288310571028,
        "accuracy_\u00b10.5": 47.16636197440585,
        "accuracy_\u00b11.0": 77.51371115173674,
        "explained_variance": 0.8286698548484972,
        "max_error": 3.5410958137512205
      },
      "val": {
        "rmse": 0.710886846719584,
        "mae": 0.5400831781387329,
        "r2": 0.7121917473557088,
        "mape": 23.7055030779067,
        "accuracy_\u00b10.25": 30.64516129032258,
        "accuracy_\u00b10.5": 58.986175115207374,
        "accuracy_\u00b11.0": 85.25345622119815,
        "explained_variance": 0.7220019882516893,
        "max_error": 2.3505716514587403
      },
      "test": {
        "rmse": 0.6941043661235907,
        "mae": 0.5391852533700828,
        "r2": 0.666797883232306,
        "mape": 28.227755700597307,
        "accuracy_\u00b10.25": 27.64976958525346,
        "accuracy_\u00b10.5": 55.76036866359447,
        "accuracy_\u00b11.0": 88.0184331797235,
        "explained_variance": 0.6997262778223188,
        "max_error": 2.843790676116943
      }
    },
    "LSTM": {
      "train": {
        "rmse": 0.6989602435836527,
        "mae": 0.5398457830483432,
        "r2": 0.8747548962567209,
        "mape": 17.028268092553667,
        "accuracy_\u00b10.25": 30.44413377782557,
        "accuracy_\u00b10.5": 55.37154532745456,
        "accuracy_\u00b11.0": 86.17055597376063,
        "explained_variance": 0.8751600034449563,
        "max_error": 2.9879224929809567
      },
      "val": {
        "rmse": 0.7236759211453985,
        "mae": 0.522459922097026,
        "r2": 0.7017430787476846,
        "mape": 22.74726177843646,
        "accuracy_\u00b10.25": 34.7926267281106,
        "accuracy_\u00b10.5": 61.29032258064516,
        "accuracy_\u00b11.0": 86.17511520737328,
        "explained_variance": 0.7113968142424699,
        "max_error": 3.5851447830200196
      },
      "test": {
        "rmse": 0.7485040868378193,
        "mae": 0.5713109196807932,
        "r2": 0.6125224446055586,
        "mape": 30.181410425637374,
        "accuracy_\u00b10.25": 23.502304147465438,
        "accuracy_\u00b10.5": 56.22119815668203,
        "accuracy_\u00b11.0": 85.71428571428571,
        "explained_variance": 0.6691280028628787,
        "max_error": 3.056483413696289
      }
    }
  },
  "rankings": {
    "RNN": [
      1,
      1,
      1,
      1,
      2,
      1
    ],
    "LSTM": [
      2,
      2,
      2,
      2,
      1,
      2
    ],
    "Standard NN": [
      3,
      3,
      3,
      3,
      3,
      3
    ]
  },
  "best_performers": {
    "R\u00b2 Score": "RNN",
    "RMSE": "RNN",
    "MAE": "RNN",
    "MAPE": "RNN",
    "Accuracy \u00b10.5": "LSTM",
    "Accuracy \u00b11.0": "RNN"
  },
  "overall_winner": "RNN",
  "training_configs": {
    "Standard NN": {
      "hidden_layers": [
        128,
        64,
        32,
        16
      ],
      "dropout_rate": 0.3,
      "l2_reg": 0.01,
      "optimizer": "Adam",
      "learning_rate": 0.001,
      "batch_size": 32,
      "total_epochs": 152,
      "best_epoch": 132
    },
    "RNN": {
      "rnn_units": [
        64,
        32
      ],
      "dropout_rate": 0.3,
      "sequence_length": 5,
      "optimizer": "Adam",
      "learning_rate": 0.001,
      "batch_size": 32,
      "total_epochs": 56,
      "best_epoch": 31
    },
    "LSTM": {
      "lstm_units": [
        64,
        32
      ],
      "dropout_rate": 0.3,
      "recurrent_dropout_rate": 0.15,
      "sequence_length": 5,
      "optimizer": "Adam",
      "learning_rate": 0.001,
      "batch_size": 32,
      "total_epochs": 52,
      "best_epoch": 27
    }
  }
}