{
  "train": {
    "mse": 1.35251008570095,
    "mae": 0.9231409457332153,
    "r2": 0.6673267825918381
  },
  "test": {
    "mse": 0.8487532056678384,
    "mae": 0.6727717316735593,
    "r2": 0.5124489371686571
  },
  "model_config": {
    "regularization": "L2 (Ridge)",
    "best_alpha": 533.6699231206308,
    "num_input_features": 6
  }
}