Feature,Coefficient
LifeExpectancy,-0.7977170135514127
InfantMortality,0.5042012670274385
Urban population over total population,-0.3041782420650821
Year,-0.202035521141694
Capitial GDP in USD,-0.07869363839832708
"Maternal mortality ratio (per 100,000 live births)",-0.01725783170343016
