{
  "train": {
    "rmse": 0.8245014063919373,
    "mae": 0.6479297866746628,
    "r2": 0.8257235879330131
  },
  "val": {
    "rmse": 0.710886846719584,
    "mae": 0.5400831781387329,
    "r2": 0.7121917473557088
  },
  "test": {
    "rmse": 0.6941043661235907,
    "mae": 0.5391852533700828,
    "r2": 0.666797883232306
  },
  "model_config": {
    "rnn_units": [
      64,
      32
    ],
    "dropout_rate": 0.3,
    "sequence_length": 5,
    "optimizer": "Adam",
    "learning_rate": 0.001,
    "batch_size": 32,
    "total_epochs": 56,
    "best_epoch": 31
  }
}