{
  "train": {
    "rmse": 0.6272576884089525,
    "mae": 0.4799765994714111,
    "r2": 0.90222737242295
  },
  "val": {
    "rmse": 0.6349421118967072,
    "mae": 0.47391881250691614,
    "r2": 0.7917218288572272
  },
  "test": {
    "rmse": 0.9998330843052243,
    "mae": 0.7708347904523213,
    "r2": 0.3556026339156154
  },
  "model_config": {
    "hidden_layers": [
      128,
      64,
      32,
      16
    ],
    "dropout_rate": 0.3,
    "l2_reg": 0.01,
    "optimizer": "Adam",
    "learning_rate": 0.001,
    "batch_size": 32,
    "total_epochs": 152,
    "best_epoch": 132
  }
}